<?xml version="1.0" encoding="UTF-8"?>
<sequence name="processCallbackSeq" trace="disable" xmlns="http://ws.apache.org/ns/synapse">
    <property name="to" expression="json-eval($.results[0].to)" scope="default" type="STRING" />
    <property name="messageId" expression="json-eval($.results[0].messageId)" scope="default" type="STRING" />
    <property name="doneAt" expression="json-eval($.results[0].doneAt)" scope="default" type="STRING" />
    <property name="sentAt" expression="json-eval($.results[0].sentAt)" scope="default" type="STRING" />
    <property name="seenAt" expression="json-eval($.results[0].seenAt)" scope="default" type="STRING" />
    <property name="status" expression="json-eval($.results[0].status.groupName)" scope="default" type="STRING" />
    <property name="statusDescription" expression="json-eval($.results[0].status.description)" scope="default" type="STRING" />
    <property name="errorDescription" expression="json-eval($.results[0].error.description)" scope="default" type="STRING" />
    <property name="callbackData" expression="json-eval($.results[0].callbackData)" scope="default" type="STRING"/>
    <property name="templateName" expression="fn:substring-after(get-property('callbackData'), 'templateName = ')" scope="default" type="STRING"/>
    <log level="full">
        <property name="callbackData-------" expression="get-property('callbackData')"></property>
        <property name="templateName-------" expression="get-property('templateName')"></property>
    </log>
    <call>
        <endpoint key="logCallbackAPI" />
    </call>
    <filter xpath="get-property('doneAt')">
        <then>
            <payloadFactory media-type="json">
                <format>
                    {
                        "to": "$1",
                        "messageId": "$2",
                        "doneAt": "$3",
                        "sentAt": "$4",
                        "status": "$5",
                        "description": "$6",
                        "templateName": "$7"
                    }
                </format>
                <args>
                    <arg expression="get-property('to')"/>
                    <arg expression="get-property('messageId')"/>
                    <arg expression="get-property('doneAt')"/>
                    <arg expression="get-property('sentAt')"/>
                    <arg expression="get-property('status')"/>
                    <arg expression="fn:concat(get-property('statusDescription'), ' - ', get-property('errorDescription'))"/>
                    <arg expression="get-property('templateName')"/>
                </args>
            </payloadFactory>
        </then>
        <else>
            <payloadFactory media-type="json">
                <format>
                    {
                        "to": "$1",
                        "messageId": "$2",
                        "sentAt": "$3",
                        "seenAt": "$4",
                        "status": "SEEN",
                        "description": "Message seen by recipient",
                        "templateName": "$5"
                    }
                </format>
                <args>
                    <arg expression="get-property('to')"></arg>
                    <arg expression="get-property('messageId')"></arg>
                    <arg expression="get-property('sentAt')"></arg>
                    <arg expression="get-property('seenAt')"></arg>
                    <arg expression="get-property('templateName')"/>
                </args>
            </payloadFactory>
        </else>
    </filter>
    <log level="full">
        <property name="afterPayload----" expression="json-eval($)"></property>
    </log>
    <respond />
</sequence>