<?xml version="1.0" encoding="UTF-8"?>
<sequence name="templateDraftPSA_1a" xmlns="http://ws.apache.org/ns/synapse">

    <script language="js"><![CDATA[
        var msg = mc.getProperty('msg');

        // Extract Name (Between "Hai " and ". Saya Maya")
        var nameMatch = msg.match(/Hai (.*?)\. Saya Maya/);
        var extractedName = nameMatch ? nameMatch[1] : "";

        // Extract Unifi ID (After "unifi anda " and before " sedang menghadapi")
        var idMatch = msg.match(/unifi anda (\S+) sedang menghadapi/);
        var extractedID = idMatch ? idMatch[1] : "";

        // Store extracted values back into the message context
        mc.setProperty('extractedName', extractedName);
        mc.setProperty('extractedID', extractedID);

        // Log the extracted values
        mc.setProperty('placeholders', JSON.stringify([extractedName, extractedID]));
    ]]>
    </script>

    <log level="full">
        <property name="Extracted Data--------" expression="get-property('placeholders')" />
    </log>
    <payloadFactory media-type="json" template-type="default">
        <format> {
                    "messages": [
                        {
                            "from": "$1",
                            "to": "$2",
                            "messageId": "$3",
                            "content": {
                                "templateName": "$4",
                                "templateData": {
                                    "body": {
                                        "placeholders": $5
                                    },
                                    "buttons": [
                                        {
                                            "type": "QUICK_REPLY",
                                            "parameter": "EN_PSA"
                                        },
                                        {
                                            "type": "QUICK_REPLY",
                                            "parameter": "BH_PSA"
                                        }
                                    ]
                                },
                                "language": "en"
                            },
                            "callbackData": "Callback data infobip to kraft",
                            "notifyUrl": "$6"
                        }
                    ]
                }
        </format>
        <args>
            <arg expression="get-property('from')" />
            <arg expression="get-property('to')" />
            <arg expression="get-property('messageId')" />
            <arg expression="get-property('templateName')" />
            <arg expression="get-property('placeholders')" />
            <arg expression="get-property('notifyUrl')" />
        </args>
    </payloadFactory>
</sequence>
